{
  "completed_epochs": 3,
  "log": [
    {
      "epoch": 1,
      "loss": 0.6676941616141536,
      "steps": 321
    },
    {
      "epoch": 2,
      "loss": 0.5800813793021942,
      "steps": 321
    },
    {
      "epoch": 3,
      "loss": 0.33435312038827164,
      "steps": 321
    }
  ]
}