{
  "hyperparams": {
    "BETA": 0.1,
    "LR": 0.0001,
    "NUM_EPOCHS": 3,
    "GRAD_ACCUM": 4,
    "lora_rank": 8,
    "lora_alpha": 16,
    "n_target_heads": 32,
    "n_target_layers": 19
  },
  "training_log": [
    {
      "epoch": 1,
      "loss": 0.6676941616141536,
      "steps": 321
    },
    {
      "epoch": 2,
      "loss": 0.5800813793021942,
      "steps": 321
    },
    {
      "epoch": 3,
      "loss": 0.33435312038827164,
      "steps": 321
    }
  ],
  "baseline": {
    "pope": {
      "accuracy": 0.9083333333333333,
      "precision": 0.99,
      "recall": 0.825,
      "f1": 0.9,
      "yes_rate": 0.4166666666666667,
      "n": 240
    },
    "chair": {
      "CHAIRs": 0.35,
      "CHAIRi": 0.10965277777777778,
      "n": 40
    }
  },
  "lora_eval": {
    "chair": {
      "CHAIRs": 0.0,
      "CHAIRi": 0.0,
      "n": 40
    }
  }
}