{
  "pope": {
    "accuracy": 0.9083333333333333,
    "precision": 0.99,
    "recall": 0.825,
    "f1": 0.9,
    "yes_rate": 0.4166666666666667,
    "n": 240
  },
  "chair": {
    "CHAIRs": 0.35,
    "CHAIRi": 0.10965277777777778,
    "n": 40
  }
}