{
  "pope": {
    "accuracy": 0.8708333333333333,
    "precision": 0.968421052631579,
    "recall": 0.7666666666666667,
    "f1": 0.8558139534883721,
    "yes_rate": 0.3958333333333333,
    "n": 240
  },
  "chair": {
    "CHAIRs": 0.35,
    "CHAIRi": 0.10965277777777778,
    "n": 40
  }
}