{
  "hyperparams": {
    "BETA": 0.1,
    "LR": 0.0001,
    "NUM_EPOCHS": 3,
    "GRAD_ACCUM": 4,
    "lora_rank": 8,
    "lora_alpha": 16,
    "n_target_heads": 32,
    "n_target_layers": 19
  },
  "training_log": [
    {
      "epoch": 1,
      "loss": 0.6684850766279987,
      "steps": 321
    },
    {
      "epoch": 2,
      "loss": 0.5801410488436155,
      "steps": 321
    },
    {
      "epoch": 3,
      "loss": 0.28389504493861184,
      "steps": 321
    }
  ],
  "baseline": {
    "pope": {
      "accuracy": 0.8708333333333333,
      "precision": 0.968421052631579,
      "recall": 0.7666666666666667,
      "f1": 0.8558139534883721,
      "yes_rate": 0.3958333333333333,
      "n": 240
    },
    "chair": {
      "CHAIRs": 0.35,
      "CHAIRi": 0.10965277777777778,
      "n": 40
    }
  },
  "lora_eval": {
    "pope": {
      "accuracy": 0.5,
      "precision": 0.0,
      "recall": 0.0,
      "f1": 0.0,
      "yes_rate": 0.0,
      "n": 240
    },
    "chair": {
      "CHAIRs": 0.05,
      "CHAIRi": 0.016666666666666666,
      "n": 40
    }
  }
}